name,alt_name,width,height,swatch_image_url,path_to_image
Brilliant Yellow Extra Pale,#6000202,53,53,https://goldenhub.goldenpaints.com/storage/uploads/Brilliant_Yellow_Extra_Pale_Swatch.jpg,./images/brilliant_yellow_extra_pale_swatch.jpg
Brilliant Yellow Pale,#6000212,53,53,https://goldenhub.goldenpaints.com/storage/uploads/Brilliant_Yellow_Pale_Swatch.jpg,./images/brilliant_yellow_pale_swatch.jpg
Nickel Yellow,#6000224,53,53,https://goldenhub.goldenpaints.com/storage/uploads/Nickel_Yellow_Swatch.jpg,./images/nickel_yellow_swatch.jpg
Bismuth Vanadate Yellow,#6001929,53,53,https://goldenhub.goldenpaints.com/storage/uploads/Bismuth_Vanadate_Yellow_Swatch.jpg,./images/bismuth_vanadate_yellow_swatch.jpg
Cadmium Lemon,#6000246,53,53,https://goldenhub.goldenpaints.com/storage/uploads/Cadmium_Lemon_Swatch.jpg,./images/cadmium_lemon_swatch.jpg
Permanent Lemon,#6000263,53,53,https://goldenhub.goldenpaints.com/storage/uploads/Permanent_Lemon_Swatch.jpg,./images/permanent_lemon_swatch.jpg
Cadmium Yellow Light,#6000286,53,53,https://goldenhub.goldenpaints.com/storage/uploads/Cadmium_Yellow_Light_Swatch.jpg,./images/cadmium_yellow_light_swatch.jpg
Permanent Yellow Light,#6000303,53,53,https://goldenhub.goldenpaints.com/storage/uploads/Permanent_Yellow_Light_Swatch.jpg,./images/permanent_yellow_light_swatch.jpg
Cadmium Yellow Medium,#6000366,53,53,https://goldenhub.goldenpaints.com/storage/uploads/Cadmium_Yellow_Medium_Swatch.jpg,./images/cadmium_yellow_medium_swatch.jpg
Permanent Yellow Medium,#6000383,53,53,https://goldenhub.goldenpaints.com/storage/uploads/Permanent_Yellow_Medium_Swatch.jpg,./images/permanent_yellow_medium_swatch.jpg
Cadmium Yellow Deep,#6000406,53,53,https://goldenhub.goldenpaints.com/storage/uploads/Cadmium_Yellow_Deep_Swatch.jpg,./images/cadmium_yellow_deep_swatch.jpg
Permanent Yellow Deep,#6000423,53,53,https://goldenhub.goldenpaints.com/storage/uploads/Permanent_Yellow_Deep_Swatch.jpg,./images/permanent_yellow_deep_swatch.jpg
Cadmium Yellow Extra Deep,#6000416,53,53,https://goldenhub.goldenpaints.com/storage/uploads/Cadmium_Yellow_Extra_Deep_Swatch.jpg,./images/cadmium_yellow_extra_deep_swatch.jpg
Naples Yellow Italian,#6000461,53,53,https://goldenhub.goldenpaints.com/storage/uploads/Naples_Yellow_Italian_Swatch-1.jpg,./images/naples_yellow_italian_swatch.jpg
Naples Yellow,#6000442,53,53,https://goldenhub.goldenpaints.com/storage/uploads/Naples_Yellow_Swatch.jpg,./images/naples_yellow_swatch.jpg
Naples Yellow Reddish,#6000422,53,53,https://goldenhub.goldenpaints.com/storage/uploads/Naples_Yellow_Reddish_Swatch.jpg,./images/naples_yellow_reddish_swatch.jpg
Canton Rose,#6000744,53,53,https://goldenhub.goldenpaints.com/storage/uploads/Canton_Rose_Swatch.jpg,./images/canton_rose_swatch.jpg
Jaune Brilliant,#6000463,53,53,https://goldenhub.goldenpaints.com/storage/uploads/Jaune_Brilliant_Swatch.jpg,./images/jaune_brilliant_swatch.jpg
Montserrat Orange,#6000583,53,53,https://goldenhub.goldenpaints.com/storage/uploads/Montserrat_Orange_Swatch.jpg,./images/montserrat_orange_swatch.jpg
Cobalt Yellow,#6000508,53,53,https://goldenhub.goldenpaints.com/storage/uploads/Cobalt_Yellow_Swatch.jpg,./images/cobalt_yellow_swatch.jpg
Alizarin Yellow,#6000514,53,53,https://goldenhub.goldenpaints.com/storage/uploads/Alizarin_Yellow_Swatch.jpg,./images/alizarin_yellow_swatch.jpg
Indian Yellow,#6000524,53,53,https://goldenhub.goldenpaints.com/storage/uploads/Indian_Yellow_Swatch.jpg,./images/indian_yellow_swatch.jpg
Unbleached Titanium Pale,#6000191,53,53,https://goldenhub.goldenpaints.com/storage/uploads/Unbleached_Titanium_Pale_Swatch.jpg,./images/unbleached_titanium_pale_swatch.jpg
Unbleached Titanium,#6000181,53,53,https://goldenhub.goldenpaints.com/storage/uploads/Unbleached_Titanium_Swatch.jpg,./images/unbleached_titanium_swatch.jpg
Cadmium Orange,#6000546,53,53,https://goldenhub.goldenpaints.com/storage/uploads/Cadmium_Orange_Sawtch.jpg,./images/cadmium_orange_swatch.jpg
Permanent Orange,#6000542,53,53,https://goldenhub.goldenpaints.com/storage/uploads/Permanent_Orange_Swatch.jpg,./images/permanent_orange_swatch.jpg
Alizarin Orange,#6000534,53,53,https://goldenhub.goldenpaints.com/storage/uploads/Alizarin_Orange_Swatch.jpg,./images/alizarin_orange_swatch.jpg
Permanent Red-Orange,#6000563,53,53,https://goldenhub.goldenpaints.com/storage/uploads/Permanent_Red-Orange_Swatch.jpg,./images/permanent_red-orange_swatch.jpg
Pyrrole Orange,#6001927,53,53,https://goldenhub.goldenpaints.com/storage/uploads/Pyrrole_Orange_Swatch.jpg,./images/pyrrole_orange_swatch.jpg
Cadmium Red Vermillion,#6000597,53,53,https://goldenhub.goldenpaints.com/storage/uploads/Cadmium_Red_Vermilion_Swatch.jpg,./images/cadmium_red_vermillion_swatch.jpg
Cadmium Red Light,#6000587,53,53,https://goldenhub.goldenpaints.com/storage/uploads/Cadmium_Red_Light_Swatch.jpg,./images/cadmium_red_light_swatch.jpg
Fanchon Red,#6000624,53,53,https://goldenhub.goldenpaints.com/storage/uploads/Fanchon_Red_Swatch.jpg,./images/fanchon_red_swatch.jpg
Pyrrole Red,#6001925,53,53,https://goldenhub.goldenpaints.com/storage/uploads/Pyrrole_Red_Swatch.jpg,./images/pyrrole_red_swatch.jpg
Cadmium Red Medium,#6000607,53,53,https://goldenhub.goldenpaints.com/storage/uploads/Cadmium_Red_Medium_Swatch.jpg,./images/cadmium_red_medium_swatch.jpg
Cadmium Red Deep,#6000647,53,53,https://goldenhub.goldenpaints.com/storage/uploads/Cadmium_Red_Deep_Swatch.jpg,./images/cadmium_red_deep_swatch.jpg
Cadmium Red Purple,#6000657,53,53,https://goldenhub.goldenpaints.com/storage/uploads/Cadmium_Red_Purple_Swatch.jpg,./images/cadmium_red_purple_swatch.jpg
Cadmium Purple,#6000658,53,53,https://goldenhub.goldenpaints.com/storage/uploads/Cadmium_Purple_Swatch.jpg,./images/cadmium_purple_swatch.jpg
Quinacridone Red,#6000665,53,53,https://goldenhub.goldenpaints.com/storage/uploads/Quinacridone_Red_Swatch.jpg,./images/quinacridone_red_swatch.jpg
Quinacridone Magenta,#6000775,53,53,https://goldenhub.goldenpaints.com/storage/uploads/Quinacridone_Magenta_Swatch.jpg,./images/quinacridone_magenta_swatch.jpg
Carl's Crimson (Permanent),#6000685,53,53,https://goldenhub.goldenpaints.com/storage/uploads/Carl's_Crimson_(Permanent)_Swatch.jpg,./images/carl's_crimson_(permanent)_swatch.jpg
Permanent Crimson,#6000687,53,53,https://goldenhub.goldenpaints.com/storage/uploads/Permanent_Crimson_Swatch.jpg,./images/permanent_crimson_swatch.jpg
Alizarin Crimson,#6000684,53,53,https://goldenhub.goldenpaints.com/storage/uploads/Alizarin_Crimson_Swatch.jpg,./images/alizarin_crimson_swatch.jpg
Ultramarine Pink,#6000774,53,53,https://goldenhub.goldenpaints.com/storage/uploads/Ultramarine_Pink_Swatch.jpg,./images/ultramarine_pink_swatch.jpg
Quinacridone Violet,#6000785,53,53,https://goldenhub.goldenpaints.com/storage/uploads/Quinacridone_Violet_Swatch.jpg,./images/quinacridone_violet_swatch.jpg
Perylene Crimson,#6000686,53,53,https://goldenhub.goldenpaints.com/storage/uploads/Perylene_Crimson_Swatch.jpg,./images/perylene_crimson_swatch.jpg
Persian Rose,#6000713,53,53,https://goldenhub.goldenpaints.com/storage/uploads/Persian_Rose_Swatch.jpg,./images/persian_rose_swatch.jpg
Dianthus Pink,#6000724,53,53,https://goldenhub.goldenpaints.com/storage/uploads/Dianthus_Pink_Swatch.jpg,./images/dianthus_pink_swatch.jpg
Cobalt Violet Light,#6000728,53,53,https://goldenhub.goldenpaints.com/storage/uploads/Cobalt_Violet_Light_Swatch.jpg,./images/cobalt_violet_light_swatch.jpg
Cobalt Violet Deep,#6000748,53,53,https://goldenhub.goldenpaints.com/storage/uploads/Cobalt_Violet_Deep_Swatch.jpg,./images/cobalt_violet_deep_swatch.jpg
Provence Violet Reddish,#6000734,53,53,https://goldenhub.goldenpaints.com/storage/uploads/Provence_Violet_Reddish_Swatch.jpg,./images/provence_violet_reddish_swatch.jpg
Provence Violet Bluish,#6000754,53,53,https://goldenhub.goldenpaints.com/storage/uploads/Provence_Violet_Bluish_Swatch.jpg,./images/provence_violet_bluish_swatch.jpg
Manganese Violet,#6000704,53,53,https://goldenhub.goldenpaints.com/storage/uploads/Manganese_Violet_Swatch.jpg,./images/manganese_violet_swatch.jpg
Ultramarine Violet,#6000764,53,53,https://goldenhub.goldenpaints.com/storage/uploads/Ultramarine_Violet_Satch.jpg,./images/ultramarine_violet_swatch.jpg
Egyptian Violet,#6000805,53,53,https://goldenhub.goldenpaints.com/storage/uploads/Egyptian_Violet_Swatch.jpg,./images/egyptian_violet_swatch.jpg
King's Blue,#6000813,53,53,https://goldenhub.goldenpaints.com/storage/uploads/King's_Blue_Swatch.jpg,./images/king's_blue_swatch.jpg
Sevres Blue,#6000823,53,53,https://goldenhub.goldenpaints.com/storage/uploads/Sevres_Blue_Swatch.jpg,./images/sevres_blue_swatch.jpg
Indigo,#6001043,53,53,https://goldenhub.goldenpaints.com/storage/uploads/Indigo_Swatch.jpg,./images/indigo_swatch.jpg
Cerulean Blue (Genuine),#6000848,53,53,https://goldenhub.goldenpaints.com/storage/uploads/Cerulean_Blue_(Genuine)_Swatch.jpg,./images/cerulean_blue_(genuine)_swatch.jpg
Cobalt Teal Greenish,#6000786,53,53,https://goldenhub.goldenpaints.com/storage/uploads/Cobalt_Teal_Greenish_Swatch.jpg,./images/cobalt_teal_greenish_swatch.jpg
Cobalt Teal Bluish,#6000817,53,53,https://goldenhub.goldenpaints.com/storage/uploads/Cobalt_Teal_Bluish_Swatch.jpg,./images/cobalt_teal_bluish_swatch.jpg
Cobalt Turqoise Greenish,#6000887,53,53,https://goldenhub.goldenpaints.com/storage/uploads/Cobalt_Turquoise_Greenish_Swatch.jpg,./images/cobalt_turqoise_greenish_swatch.jpg
Cobalt Turqoise Bluish,#6000907,53,53,https://goldenhub.goldenpaints.com/storage/uploads/Cobalt_Turquoise_Bluish_Swatch.jpg,./images/cobalt_turqoise_bluish_swatch.jpg
Ultramarine Blue,#6000942,53,53,https://goldenhub.goldenpaints.com/storage/uploads/Ultramarine_Blue_Swatch.jpg,./images/ultramarine_blue_swatch.jpg
Cobalt Blue,#6000927,53,53,https://goldenhub.goldenpaints.com/storage/uploads/Cobalt_Blue_Swatch.jpg,./images/cobalt_blue_swatch.jpg
Cobalt Blue Deep,#6000937,53,53,https://goldenhub.goldenpaints.com/storage/uploads/Cobalt_Blue_Deep_Swatch.jpg,./images/cobalt_blue_deep_swatch.jpg
Ultramarine Blue French,#6000962,53,53,https://goldenhub.goldenpaints.com/storage/uploads/Ultramarine_Blue_French_Swatch.jpg,./images/ultramarine_blue_french_swatch.jpg
Indanthrone Blue,#6000985,53,53,https://goldenhub.goldenpaints.com/storage/uploads/Indanthrone_Blue_Swatch.jpg,./images/indanthrone_blue_swatch.jpg
Prussian Blue,#6000982,53,53,https://goldenhub.goldenpaints.com/storage/uploads/Prussian_Blue_Swatch.jpg,./images/prussian_blue_swatch.jpg
Phthalo Blue,#6001004,53,53,https://goldenhub.goldenpaints.com/storage/uploads/Phthalo_Blue_Swatch.jpg,./images/phthalo_blue_swatch.jpg
Phthalo Turquoise,#6001024,53,53,https://goldenhub.goldenpaints.com/storage/uploads/Phthalo_Turquoise_Swatch.jpg,./images/phthalo_turquoise_swatch.jpg
Cerulean Blue French,#6000857,53,53,https://goldenhub.goldenpaints.com/storage/uploads/Cerulean_Blue_French_Swatch.jpg,./images/cerulean_blue_french_swatch.jpg
Courbet Green,#6001323,53,53,https://goldenhub.goldenpaints.com/storage/uploads/Courbet_Green_Swatch.jpg,./images/courbet_green_swatch.jpg
Turquoise,#6000863,53,53,https://goldenhub.goldenpaints.com/storage/uploads/Turquoise_Swatch.jpg,./images/turquoise_swatch.jpg
Veronese Green,#6001103,53,53,https://goldenhub.goldenpaints.com/storage/uploads/Veronese_Green_Swatch.jpg,./images/veronese_green_swatch.jpg
Cinnabar Green Light,#6001153,53,53,https://goldenhub.goldenpaints.com/storage/uploads/Cinnabar_Green_Light_Swatch.jpg,./images/cinnabar_green_light_swatch.jpg
Cadmium Green Light,#6001146,53,53,https://goldenhub.goldenpaints.com/storage/uploads/Cadmium_Green_Light_Swatch.jpg,./images/cadmium_green_light_swatch.jpg
Permanent Green Light,#6001163,53,53,https://goldenhub.goldenpaints.com/storage/uploads/Permanent_Green_Light_Swatch.jpg,./images/permanent_green_light_swatch.jpg
Permanent Green,#6001263,53,53,https://goldenhub.goldenpaints.com/storage/uploads/Permanent_Green_Swatch.jpg,./images/permanent_green_swatch.jpg
Cobalt Green,#6001250,53,53,https://goldenhub.goldenpaints.com/storage/uploads/Cobalt_Green_Swatch.jpg,./images/cobalt_green_swatch.jpg
Viridian,#6001245,53,53,https://goldenhub.goldenpaints.com/storage/uploads/Viridian_Swatch.jpg,./images/viridian_swatch.jpg
Phthalo Green-Yellowish,#6001264,53,53,https://goldenhub.goldenpaints.com/storage/uploads/Phthalo_Green-Yellowish_Swatch.jpg,./images/phthalo_green-yellowish_swatch.jpg
Phthalo Green,#6001284,53,53,https://goldenhub.goldenpaints.com/storage/uploads/Phthalo_Green_Swatch.jpg,./images/phthalo_green_swatch.jpg
Sap Green,#6001303,53,53,https://goldenhub.goldenpaints.com/storage/uploads/Sap_Green_Swatch.jpg,./images/sap_green_swatch.jpg
Cadmium Green,#6001186,53,53,https://goldenhub.goldenpaints.com/storage/uploads/Cadmium_Green_Swatch.jpg,./images/cadmium_green_swatch.jpg
Chromium Oxide Green,#6001223,53,53,https://goldenhub.goldenpaints.com/storage/uploads/Chromium_Oxide_Green_Swatch.jpg,./images/chromium_oxide_green_swatch.jpg
Olive Green,#6000322,53,53,https://goldenhub.goldenpaints.com/storage/uploads/Olive_Green_Swatch.jpg,./images/olive_green_swatch.jpg
Bohemian Green Earth,#6001021,53,53,https://goldenhub.goldenpaints.com/storage/uploads/Bohemian_Green_Earth_Swatch.jpg,./images/bohemian_green_earth_swatch.jpg
Earth Green,#6001122,53,53,https://goldenhub.goldenpaints.com/storage/uploads/Earth_Green_Swatch.jpg,./images/earth_green_swatch.jpg
Green Gold,#6000518,53,53,https://goldenhub.goldenpaints.com/storage/uploads/Green_Gold_Swatch.jpg,./images/green_gold_swatch.jpg
Mars Violet,#6001442,53,53,https://goldenhub.goldenpaints.com/storage/uploads/Mars_Violet_Swatch.jpg,./images/mars_violet_swatch.jpg
Titan Buff,#6000160,53,53,https://goldenhub.goldenpaints.com/storage/uploads/Titan_Buff_Swatch.jpg,./images/titan_buff_swatch.jpg
Transparent Yellow Iron Oxide,#6001920,53,53,https://goldenhub.goldenpaints.com/storage/uploads/Transparent_Yellow_Iron_Oxide_Swatch.jpg,./images/transparent_yellow_iron_oxide_swatch.jpg
Yellow Ochre (Domestic),#6001401,53,53,https://goldenhub.goldenpaints.com/storage/uploads/Yellow_Ochre_(Domestic)_Swatch.jpg,./images/yellow_ochre_(domestic)_swatch.jpg
Raw Sienna,#6001501,53,53,https://goldenhub.goldenpaints.com/storage/uploads/Raw_Sienna_Swatch.jpg,./images/raw_sienna_swatch.jpg
Cyprus Orange,#6001512,53,53,https://goldenhub.goldenpaints.com/storage/uploads/Cyprus_Orange_Swatch.jpg,./images/cyprus_orange_swatch.jpg
Stil De Grain,#6001464,53,53,https://goldenhub.goldenpaints.com/storage/uploads/Stil_De_Grain_Swatch.jpg,./images/stil_de_grain_swatch.jpg
Transparent Red Iron Oxide,#6001922,53,53,https://goldenhub.goldenpaints.com/storage/uploads/Transparent_Red_Iron_Oxide_Swatch.jpg,./images/transparent_red_iron_oxide_swatch.jpg
Brown Pink,#6001484,53,53,https://goldenhub.goldenpaints.com/storage/uploads/Brown_Pink_Swatch.jpg,./images/brown_pink_swatch.jpg
Quinacridone Gold Brown,#6000874,53,53,https://goldenhub.goldenpaints.com/storage/uploads/Quinacridone_Gold_Brown_Swatch.jpg,./images/quinacridone_gold_brown_swatch.jpg
Italian Pink,#6001474,53,53,https://goldenhub.goldenpaints.com/storage/uploads/Italian_Pink_Swatch.jpg,./images/italian_pink_swatch.jpg
Burnt Sienna,#6001521,53,53,https://goldenhub.goldenpaints.com/storage/uploads/Burnt_Sienna_Swatch.jpg,./images/burnt_sienna_swatch.jpg
Yellow Ochre Burnt,#6001541,53,53,https://goldenhub.goldenpaints.com/storage/uploads/Yellow_Ochre_Burnt_Swatch.jpg,./images/yellow_ochre_burnt_swatch.jpg
Brown Ochre,#6001561,53,53,https://goldenhub.goldenpaints.com/storage/uploads/Brown_Ochre_Swatch.jpg,./images/brown_ochre_swatch.jpg
Nickel Azo Yellow,#6001928,53,53,https://goldenhub.goldenpaints.com/storage/uploads/Nickel_Azo_Yellow_Swatch.jpg,./images/nickel_azo_yellow_swatch.jpg
Red Ochre,#6001581,53,53,https://goldenhub.goldenpaints.com/storage/uploads/Red_Ochre_Swatch.jpg,./images/red_ochre_swatch.jpg
Spanish Earth,#6001601,53,53,https://goldenhub.goldenpaints.com/storage/uploads/Spanish_Earth_Swatch.jpg,./images/spanish_earth_swatch.jpg
Mars Yellow Light,#6001342,53,53,https://goldenhub.goldenpaints.com/storage/uploads/Mars_Yellow_Light_Swatch.jpg,./images/mars_yellow_light_swatch.jpg
Mars Yellow Deep,#6001362,53,53,https://goldenhub.goldenpaints.com/storage/uploads/Mars_Yellow_Deep_Swatch.jpg,./images/mars_yellow_deep_swatch.jpg
Mars Orange,#6001382,53,53,https://goldenhub.goldenpaints.com/storage/uploads/Mars_Orange_Swatch.jpg,./images/mars_orange_swatch.jpg
Mars Red Light,#6001402,53,53,https://goldenhub.goldenpaints.com/storage/uploads/Mars_Red_Light_Swatch.jpg,./images/mars_red_light_swatch.jpg
Mars Red,#6001422,53,53,https://goldenhub.goldenpaints.com/storage/uploads/Mars_Red_Swatch.jpg,./images/mars_red_swatch.jpg
Burnt Umber,#6001661,53,53,https://goldenhub.goldenpaints.com/storage/uploads/Burnt_Umber_Swatch.jpg,./images/burnt_umber_swatch.jpg
Dutch Brown (Transparent),#6001494,53,53,https://goldenhub.goldenpaints.com/storage/uploads/Dutch_Brown_(Transparent)_Swatch.jpg,./images/dutch_brown_(transparent)_swatch.jpg
Raw Umber,#6001621,53,53,https://goldenhub.goldenpaints.com/storage/uploads/Raw_Umber_Swatch.jpg,./images/raw_umber_swatch.jpg
Turkey Umber,#6001641,53,53,https://goldenhub.goldenpaints.com/storage/uploads/Turkey_Umber_Swatch.jpg,./images/turkey_umber_swatch.jpg
Red Umber,#6001671,53,53,https://goldenhub.goldenpaints.com/storage/uploads/Red_Umber_Swatch.jpg,./images/red_umber_swatch.jpg
Van Dyke Brown,#6001680,53,53,https://goldenhub.goldenpaints.com/storage/uploads/Van-Dyke-Brown_100x100.jpg,./images/van_dyke_brown_swatch.jpg
Brown Umber,#6001631,53,53,https://goldenhub.goldenpaints.com/storage/uploads/Brown_Umber_Swatch.jpg,./images/brown_umber_swatch.jpg
German Earth,#6001792,53,53,https://goldenhub.goldenpaints.com/storage/uploads/German_Earth_Swatch.jpg,./images/german_earth_swatch.jpg
Mars Black,#6001742,53,53,https://goldenhub.goldenpaints.com/storage/uploads/Mars_Black_Swatch.jpg,./images/mars_black_swatch.jpg
Ivory Black,#6001721,53,53,https://goldenhub.goldenpaints.com/storage/uploads/Ivory_Black_Swatch.jpg,./images/ivory_black_swatch.jpg
Davy's Grey Deep,#6001701,53,53,https://goldenhub.goldenpaints.com/storage/uploads/Davy's_Grey_Deep_Swatch.jpg,./images/davy's_grey_deep_swatch.jpg
Graphite Gray,#6001702,53,53,https://goldenhub.goldenpaints.com/storage/uploads/Graphite_Grey_Swatch.jpg,./images/graphite_gray_swatch.jpg
Payne's Gray (Violet),#6001063,53,53,https://goldenhub.goldenpaints.com/storage/uploads/Payne's_Grey_(Violet)_Swatch.jpg,./images/payne's_gray_(violet)_swatch.jpg
Payne's Gray,#6001703,53,53,https://goldenhub.goldenpaints.com/storage/uploads/Payne's_Grey_Swatch.jpg,./images/payne's_gray_swatch.jpg
Lamp Black,#6001761,53,53,https://goldenhub.goldenpaints.com/storage/uploads/Lamp_Black_Swatch.jpg,./images/lamp_black_swatch.jpg
Cold Black,#6001732,53,53,https://goldenhub.goldenpaints.com/storage/uploads/Cold_Black_Swatch.jpg,./images/cold_black_swatch.jpg
Flake White,#6000104,53,53,https://goldenhub.goldenpaints.com/storage/uploads/Flake_White_Swatch.jpg,./images/flake_white_swatch.jpg
Titanium - Zinc White,#6000121,53,53,https://goldenhub.goldenpaints.com/storage/uploads/Titanium_-_Zinc_White_Swatch.jpg,./images/titanium_-_zinc_white_swatch.jpg
Zinc White,#6000141,53,53,https://goldenhub.goldenpaints.com/storage/uploads/Zinc_White_Swatch.jpg,./images/zinc_white_swatch.jpg
Titanium White,#6000101,53,53,https://goldenhub.goldenpaints.com/storage/uploads/Titanium_White_Swatch.jpg,./images/titanium_white_swatch.jpg
French Terre Verte,#6000052,53,53,https://goldenhub.goldenpaints.com/storage/uploads/French_Terre_Verte_Swatch.jpg,./images/french_terre_verte_swatch.jpg
French Yellow Ochre Deep,#6000040,53,53,https://goldenhub.goldenpaints.com/storage/uploads/French_Yellow_Ochre_Deep_Swatch.jpg,./images/french_yellow_ochre_deep_swatch.jpg
French Raw Sienna,#6000041,53,53,https://goldenhub.goldenpaints.com/storage/uploads/French_Raw_Sienna_Swatch.jpg,./images/french_raw_sienna_swatch.jpg
French Ochre Havane,#6000042,53,53,https://goldenhub.goldenpaints.com/storage/uploads/French_Ochre_Havane_Swatch.jpg,./images/french_ochre_havane_swatch.jpg
French Rouge Indian,#6000043,53,53,https://goldenhub.goldenpaints.com/storage/uploads/French_Rouge_Indien_Swatch.jpg,./images/french_rouge_indian_swatch.jpg
French Brown Ochre,#6000044,53,53,https://goldenhub.goldenpaints.com/storage/uploads/French_Brown_Ochre_Swatch.jpg,./images/french_brown_ochre_swatch.jpg
French Burnt Ochre,#6000046,53,53,https://goldenhub.goldenpaints.com/storage/uploads/French_Burnt_Ochre_Swatch.jpg,./images/french_burnt_ochre_swatch.jpg
French Burnt Umber,#6000045,53,53,https://goldenhub.goldenpaints.com/storage/uploads/French_Burnt_Umber_Swatch.jpg,./images/french_burnt_umber_swatch.jpg
French Light Sienna,#6000051,53,53,https://goldenhub.goldenpaints.com/storage/uploads/French_Light_Sienna_Swatch.jpg,./images/french_light_sienna_swatch.jpg
French Ardoise Gray,#6000050,53,53,https://goldenhub.goldenpaints.com/storage/uploads/French_Ardoise_Grey_Swatch.jpg,./images/french_ardoise_gray_swatch.jpg
French Raw Umber,#6000047,53,53,https://goldenhub.goldenpaints.com/storage/uploads/French_Raw_Umber_Swatch.jpg,./images/french_raw_umber_swatch.jpg
Italian Terra Verte,#6000013,53,53,https://goldenhub.goldenpaints.com/storage/uploads/Italian_Terra_Verte_Swatch.jpg,./images/italian_terra_verte_swatch.jpg
Italian Lemon Ochre,#6000014,53,53,https://goldenhub.goldenpaints.com/storage/uploads/Italian_Lemon_Ochre_Swatch.jpg,./images/italian_lemon_ochre_swatch.jpg
Italian Yellow Ochre,#6000015,53,53,https://goldenhub.goldenpaints.com/storage/uploads/Italian_Yellow_Ochre_Swatch.jpg,./images/italian_yellow_ochre_swatch.jpg
Italian Raw Sienna,#6000024,53,53,https://goldenhub.goldenpaints.com/storage/uploads/Italian_Raw_Sienna_Swatch.jpg,./images/italian_raw_sienna_swatch.jpg
Italian Green Ochre,#6000017,53,53,https://goldenhub.goldenpaints.com/storage/uploads/Italian_Green_Ochre_Swatch.jpg,./images/italian_green_ochre_swatch.jpg
Italian Orange Ochre,#6000016,53,53,https://goldenhub.goldenpaints.com/storage/uploads/Italian_Orange_Ochre_Swatch-1.jpg,./images/italian_orange_ochre_swatch.jpg
Italian Pompeii Red,#6000018,53,53,https://goldenhub.goldenpaints.com/storage/uploads/Italian_Pompeii_Red_Swatch.jpg,./images/italian_pompeii_red_swatch.jpg
Italian Rosso Veneto,#6000019,53,53,https://goldenhub.goldenpaints.com/storage/uploads/Italian_Terra_Rosa_Swatch.jpg,./images/italian_rosso_veneto_swatch.jpg
Italian Pozzuoli Earth,#6000020,53,53,https://goldenhub.goldenpaints.com/storage/uploads/Italian_Pozzuoli_Earth_Swatch.jpg,./images/italian_pozzuoli_earth_swatch.jpg
Italian Terra Rosa,#6000021,53,53,https://goldenhub.goldenpaints.com/storage/uploads/Italian_Rosso_Veneto_Swatch.jpg,./images/italian_terra_rosa_swatch.jpg
Italian Burnt Sienna,#6000023,53,53,https://goldenhub.goldenpaints.com/storage/uploads/Italian_Burnt_Sienna_Swatch.jpg,./images/italian_burnt_sienna_swatch.jpg
Italian Raw Umber,#6000025,53,53,https://goldenhub.goldenpaints.com/storage/uploads/Italian_Raw_Umber_Swatch.jpg,./images/italian_raw_umber_swatch.jpg
Italian Black Roman Earth,#6000022,53,53,https://goldenhub.goldenpaints.com/storage/uploads/Italian_Black_Roman_Earth_Swatch.jpg,./images/italian_black_roman_earth_swatch.jpg
SF Flake White,#6003104,53,53,https://goldenhub.goldenpaints.com/storage/uploads/SF_Flake_White_Swatch.jpg,./images/sf_flake_white_swatch.jpg
SF Porcelain White,#6003103,53,53,https://goldenhub.goldenpaints.com/storage/uploads/SF_Porcelain_White_Swatch.jpg,./images/sf_porcelain_white_swatch.jpg
SF Titanium White,#6003101,53,53,https://goldenhub.goldenpaints.com/storage/uploads/SF_Titanium_White_Swatch.jpg,./images/sf_titanium_white_swatch.jpg
SF French Ardoise Grey,#6003050,53,53,https://goldenhub.goldenpaints.com/storage/uploads/SF_French_Ardoise_Grey_Swatch.jpg,./images/sf_french_ardoise_grey_swatch.jpg
SF Ultramarine Pink,#6003774,53,53,https://goldenhub.goldenpaints.com/storage/uploads/SF_Ultramarine_Pink_Swatch.jpg,./images/sf_ultramarine_pink_swatch.jpg
SF Cobalt Violet Light,#6003728,53,53,https://goldenhub.goldenpaints.com/storage/uploads/SF_Cobalt_Violet_Light_Swatch.jpg,./images/sf_cobalt_violet_light_swatch.jpg
SF Ultramarine Violet,#6003764,53,53,https://goldenhub.goldenpaints.com/storage/uploads/SF_Ultramarine_Violet_Swatch.jpg,./images/sf_ultramarine_violet_swatch.jpg
SF Cerulean Blue French,#6003857,53,53,https://goldenhub.goldenpaints.com/storage/uploads/SF_Cerulean_Blue_French_Swatch.jpg,./images/sf_cerulean_blue_french_swatch.jpg
SF Ultramarine Blue,#6003942,53,53,https://goldenhub.goldenpaints.com/storage/uploads/SF_Ultramarine_Blue_Swatch.jpg,./images/sf_ultramarine_blue_swatch.jpg
SF Ultramarine Blue French,#6003962,53,53,https://goldenhub.goldenpaints.com/storage/uploads/SF_Ultramarine_Blue_French_Swatch.jpg,./images/sf_ultramarine_blue_french_swatch.jpg
SF Italian Terra Verte,#6003013,53,53,https://goldenhub.goldenpaints.com/storage/uploads/SF_Italian_Terra_Verte_Swatch.jpg,./images/sf_italian_terra_verte_swatch.jpg
Iridescent Copper,#6001883,53,53,https://goldenhub.goldenpaints.com/storage/uploads/Iridescent_Copper_Swatch.jpg,./images/iridescent_copper_swatch.jpg
Iridescent Pale Gold,#6001823,53,53,https://goldenhub.goldenpaints.com/storage/uploads/Iridescent_Pale_Gold_Swatch.jpg,./images/iridescent_pale_gold_swatch.jpg
Iridescent Pearl White,#6001863,53,53,https://goldenhub.goldenpaints.com/storage/uploads/Iridescent_Pearl_White_Swatch.jpg,./images/iridescent_pearl_white_swatch.jpg
Iridescent Bronze,#6001853,53,53,https://goldenhub.goldenpaints.com/storage/uploads/Iridescent_Bronze_Swatch.jpg,./images/iridescent_bronze_swatch.jpg
Iridescent Silver,#6001833,53,53,https://goldenhub.goldenpaints.com/storage/uploads/Iridescent_Silver_Swatch.jpg,./images/iridescent_silver_swatch.jpg
Iridescent Pewter,#6001843,53,53,https://goldenhub.goldenpaints.com/storage/uploads/Iridescent_Pewter_Swatch.jpg,./images/iridescent_pewter_swatch.jpg
Interference Violet,#6001813,53,53,https://goldenhub.goldenpaints.com/storage/uploads/Interference_Violet_Swatch.jpg,./images/interference_violet_swatch.jpg
Interference Red,#6001873,53,53,https://goldenhub.goldenpaints.com/storage/uploads/Interference_Red_Swatch.jpg,./images/interference_red_swatch.jpg
Interference Blue,#6001803,53,53,https://goldenhub.goldenpaints.com/storage/uploads/Interference_Blue_Swatch.jpg,./images/interference_blue_swatch.jpg
Interference Green,#6001893,53,53,https://goldenhub.goldenpaints.com/storage/uploads/Interference_Green_Swatch.jpg,./images/interference_green_swatch.jpg
